,MSE,RMSE,MAPE,RAE,MAE,R2
0,0.013037998252516753,0.11418405428305982,0.38073158700004256,0.8972904094407663,0.09693334450865602,0.24040750341470207
