,MSE,RMSE,MAPE,RAE,MAE,R2
0,0.017350306166999552,0.13172056091210496,0.39980189808220606,1.0331356018252233,0.11167191042687138,-0.010555361674780661
1,0.007205345454359783,0.08488430629014873,0.45568833845779844,0.43619785483228024,0.06085935491064726,0.04915970826520568
