,MSE,RMSE,MAPE,RAE,MAE,R2
0,0.0122612396800156,0.11073048216284258,0.3741985689373248,0.8718775498552999,0.0940932821624086,0.28454053009094005
1,0.007644428571035655,0.08743242288210738,0.4726794729826543,0.4450961751725187,0.06203429749061296,0.05063366021079898
