MSE,RMSE,MAPE,RAE,MAE,R2
0.017352892540038998,0.13173037819743402,0.39981957125966805,1.0332278976770393,0.11168188671079632,-0.010706003001633713
