MSE,RMSE,MAPE,RAE,MAE,R2
0.017350306166999552,0.13172056091210496,0.39980189808220606,1.0331356018252233,0.11167191042687138,-0.010555361674780661