,MSE,RMSE,MAPE,RAE,MAE,R2
0,0.01468172567585679,0.12116817105105115,0.39348560699490226,0.9533816777629245,0.10298618395182126,0.14422713682484867
1,0.0072950520611577705,0.08541107692306525,0.4545283898792845,0.43746706594474016,0.061012253952361414,0.07353658069169795
