,MSE,RMSE,MAPE,RAE,MAE,R2
0,0.013037998252516753,0.11418405428305982,0.38073158700004256,0.8972904094407663,0.09693334450865602,0.24040750341470207
1,0.007564977416825818,0.08697687863349557,0.4593648716397052,0.44354566469516227,0.061838268815679956,0.04664395927508564
