,MSE,RMSE,MAPE,RAE,MAE,R2
0,0.0016644386142622247,0.040797531962880114,0.11528814452643374,0.6069102536012666,0.03176226172087004,0.5297262063186089
