,MSE,RMSE,MAPE,RAE,MAE,R2
0,0.0122612396800156,0.11073048216284258,0.3741985689373248,0.8718775498552999,0.0940932821624086,0.28454053009094005
