MSE,RMSE,MAPE,RAE,MAE,R2
0.0075171706053189236,0.08670161823933233,0.3488803049611569,0.6123786736665219,0.06608808695797769,0.561363203325734
