,MSE,RMSE,MAPE,RAE,MAE,R2
0,0.006545806172094481,0.08090615657720049,0.33653441150171143,0.5525359644836069,0.059686033207422114,0.6184560716255196
1,0.0019193848987534919,0.04381078518759384,0.13165747601233665,0.16270310294658774,0.02269172655174996,0.8287269705618396
