,MSE,RMSE,MAPE,RAE,MAE,R2
0,0.002060133602402246,0.04538869465409031,0.14729538904564668,0.7104089605299816,0.03717880065349652,0.41792575803604803
