,MSE,RMSE,MAPE,RAE,MAE,R2
0,0.0075171706053189236,0.08670161823933233,0.3488803049611569,0.6123786736665219,0.06608808695797769,0.561363203325734
1,0.003917949147799151,0.06259352320966724,0.22204355352449712,0.253515240899337,0.03533312742186171,0.6697463783913254
