MSE,RMSE,MAPE,RAE,MAE,R2
0.007035239946303492,0.08387633722512859,0.34135582082787785,0.5809790169171988,0.06276255558580422,0.5901276122768508
