MSE,RMSE,MAPE,RAE,MAE,R2
0.006539240795977604,0.08086557237772823,0.33622685300273486,0.5525338047874578,0.059685799912751074,0.61883875625275
