,MSE,RMSE,MAPE,RAE,MAE,R2
0,0.007035239946303492,0.08387633722512859,0.34135582082787785,0.5809790169171988,0.06276255558580422,0.5901276122768508
1,0.0028815154275160207,0.053679748765395885,0.17009095924450854,0.20769047376152242,0.02895579952460537,0.7560386571353626
