,MSE,RMSE,MAPE,RAE,MAE,R2
0,0.003664158803497392,0.060532295541284344,0.23596432869352704,0.4015136662429203,0.04339972225584903,0.786583862598058
1,0.0008441613033760461,0.02905445410562804,0.08149500689416532,0.09778038622836425,0.0136425504225836,0.9192337402089621
