,MSE,RMSE,MAPE,RAE,MAE,R2
0,0.006351147416426651,0.07969408645832293,0.40690659516789074,0.4247431655614768,0.05923768872932746,-0.02223890559664575
